id_pedido,id_produto,quantidade
1,266,1
2,252,1
2,47,1
3,254,1
4,233,1
4,46,1
5,1,1
5,278,1
5,237,1
6,105,1
6,137,2
7,123,1
7,82,1
7,160,1
7,283,2
8,79,2
8,256,1
9,242,1
10,261,1
10,70,1
10,36,1
11,153,2
12,248,1
13,97,1
13,123,2
13,293,1
14,198,3
14,78,1
14,254,3
15,270,2
16,80,1
16,39,3
17,169,1
17,274,1
18,36,1
19,223,1
19,51,1
20,15,1
21,75,1
22,90,1
23,299,1
24,239,1
24,148,1
25,218,1
26,248,1
27,152,1
28,26,2
28,255,2
29,98,1
30,21,1
30,159,1
30,226,1
31,103,1
32,85,3
32,132,1
32,247,2
33,116,2
34,188,1
34,47,1
34,203,1
35,191,1
35,56,1
35,120,2
36,238,2
37,20,1
38,70,1
38,199,2
38,233,1
39,213,2
39,51,1
40,228,1
41,279,1
41,184,1
42,47,1
42,109,1
42,11,3
43,284,2
43,107,1
43,111,1
44,75,1
44,67,1
44,277,1
45,122,1
45,166,1
46,244,1
46,230,1
47,23,1
47,267,3
47,155,1
48,228,1
49,141,1
50,272,1
51,59,1
51,283,1
52,205,1
52,213,1
52,49,1
53,47,2
54,67,1
54,285,3
55,217,2
56,181,1
56,54,1
57,285,1
58,288,1
58,286,1
58,14,1
59,174,1
59,180,2
60,16,1
60,47,1
61,167,1
62,81,1
63,249,1
63,227,1
64,250,1
65,29,2
65,4,1
65,105,1
65,155,1
66,67,1
67,182,2
67,37,1
67,204,1
68,294,1
68,208,1
69,236,2
70,125,1
70,224,1
70,206,1
71,262,1
72,180,1
72,76,1
73,39,3
73,91,1
74,290,1
75,78,1
75,226,1
76,38,1
77,40,1
77,47,1
77,260,3
78,97,1
78,165,3
78,244,1
79,89,1
80,82,1
81,27,1
81,172,1
82,77,1
82,171,1
83,201,1
83,67,2
84,66,1
84,270,1
85,110,1
86,80,1
86,40,1
86,152,1
86,52,1
87,193,1
87,79,2
88,225,1
89,230,1
89,120,1
90,293,3
91,215,3
92,129,1
93,265,2
94,263,1
95,231,2
96,192,1
97,51,2
98,147,2
99,3,2
100,271,1
101,123,1
102,256,1
103,150,1
103,220,1
104,269,1
104,185,1
105,241,1
106,35,1
107,171,1
107,69,1
108,246,2
108,94,1
109,103,2
110,279,1
110,243,1
110,130,1
110,19,1
111,224,1
111,205,2
112,255,1
113,218,1
114,41,1
115,86,1
115,228,1
116,30,1
117,82,2
117,16,1
117,74,1
118,186,2
118,197,1
119,40,1
120,128,1
120,59,1
121,134,1
122,252,1
122,103,1
122,63,1
123,164,1
123,178,1
123,34,1
124,63,3
125,185,1
126,45,1
126,34,3
127,295,1
127,38,1
128,66,2
129,67,1
130,156,1
131,146,1
131,41,3
131,129,1
132,87,1
133,173,1
133,289,2
134,136,1
134,108,1
135,149,1
135,155,2
136,31,1
137,74,1
138,205,1
138,67,1
138,190,1
139,26,1
140,82,1
140,168,1
140,296,3
140,161,1
141,202,1
142,26,1
143,56,1
144,188,1
144,24,1
145,259,1
146,61,3
146,66,1
147,74,1
148,71,1
149,264,1
150,154,1
151,154,2
151,244,1
152,14,1
152,243,1
153,299,1
153,246,1
154,17,2
154,294,1
155,105,1
156,32,1
156,71,1
156,266,1
157,273,1
158,127,1
159,148,1
159,107,1
159,251,2
159,163,1
160,203,2
161,41,1
162,276,1
163,123,1
163,125,2
164,242,1
165,81,1
165,209,2
166,148,1
166,165,1
167,20,2
168,19,3
169,149,1
169,20,1
170,279,2
170,269,1
170,253,1
170,69,1
171,8,1
171,173,1
172,208,1
172,219,1
172,264,1
173,134,1
174,294,1
175,61,1
176,160,1
176,61,1
176,152,3
177,192,1
177,213,2
177,282,2
177,242,1
178,229,1
179,281,2
180,267,1
181,262,1
182,289,1
183,2,1
184,33,1
185,147,1
186,216,2
186,192,2
186,196,1
186,230,1
187,61,1
187,92,1
187,276,3
188,238,1
188,279,1
188,218,1
188,273,1
189,9,1
189,124,1
190,25,1
190,126,1
191,29,3
191,72,1
191,258,2
192,165,1
192,122,1
193,32,1
194,254,1
195,214,1
196,124,2
197,288,1
197,212,1
197,214,1
198,190,1
198,48,1
198,275,1
199,97,1
199,287,2
199,112,1
200,61,1
201,105,2
201,204,1
202,184,1
203,241,1
204,289,2
205,300,1
205,297,1
206,126,1
206,256,2
207,252,1
208,251,2
208,95,1
209,39,1
209,25,2
209,4,1
210,192,1
211,9,1
211,4,1
212,147,1
213,55,1
213,50,1
213,269,1
214,192,3
215,154,1
215,42,2
216,283,1
217,223,1
218,271,2
218,22,1
218,118,1
218,109,1
219,279,1
220,107,1
221,289,1
222,197,1
223,28,2
223,51,1
223,224,1
223,119,3
224,231,1
225,300,1
226,38,1
227,200,1
227,163,1
228,53,1
228,68,1
229,46,1
230,198,1
231,287,1
231,125,1
232,253,1
233,40,1
234,101,1
235,195,2
236,70,1
236,154,1
236,165,1
237,252,3
238,202,1
239,93,2
239,282,1
239,14,1
239,237,2
240,156,1
241,38,3
241,230,1
242,215,1
242,279,1
242,19,2
243,128,1
244,205,3
245,114,1
246,229,1
246,192,1
247,248,2
247,54,1
247,152,2
247,213,1
248,267,1
248,248,1
249,59,1
250,125,1
251,237,1
252,203,1
252,15,2
253,110,1
254,275,1
254,96,1
255,161,1
256,235,1
257,69,1
257,161,1
258,215,1
259,276,1
260,72,1
261,5,1
261,249,1
261,70,1
262,228,1
263,150,1
263,17,1
264,254,1
264,282,1
265,22,1
266,127,1
267,45,1
267,225,1
267,61,2
268,220,1
268,85,1
269,273,1
269,144,1
270,264,3
271,211,3
271,31,2
272,127,1
272,202,1
273,48,1
274,233,1
274,250,2
274,168,2
275,33,1
275,274,3
276,146,1
277,176,2
278,236,1
278,9,2
279,104,2
279,68,2
279,155,1
279,82,1
280,27,1
280,203,1
281,49,1
282,228,1
283,217,1
283,68,1
283,245,2
283,37,1
284,69,1
284,74,1
285,78,1
285,211,1
286,64,1
287,72,1
288,146,2
288,14,1
289,201,1
290,256,1
291,185,2
292,188,1
292,280,1
293,135,1
294,147,1
295,275,1
296,105,3
297,34,1
297,159,1
298,223,1
299,90,1
299,62,1
300,265,1
301,138,1
302,269,1
303,262,1
304,53,2
305,23,2
306,77,1
307,215,1
307,115,2
307,165,1
308,27,1
309,36,1
309,239,1
309,145,1
309,160,1
310,189,1
311,126,1
312,5,3
313,54,1
313,106,1
314,144,1
315,191,1
316,202,1
317,122,2
317,150,1
317,134,2
317,162,1
318,70,1
318,300,1
318,56,1
319,107,1
319,232,1
319,158,1
319,238,1
320,168,1
320,76,3
320,47,1
321,16,1
321,208,1
321,232,1
321,285,2
322,114,2
322,67,1
322,102,1
323,39,1
324,66,1
325,26,1
325,87,1
325,294,1
326,96,1
327,126,1
327,152,2
328,215,1
329,279,1
329,10,1
329,196,1
329,184,1
330,113,1
331,272,3
331,184,1
331,300,1
331,120,1
332,295,2
332,199,3
332,182,1
333,184,1
333,15,1
334,253,1
334,278,1
334,159,1
335,170,2
336,166,1
337,57,2
338,203,1
339,224,1
339,250,1
339,163,2
339,90,1
340,194,1
340,158,1
340,151,2
341,291,2
341,17,3
341,94,1
341,163,1
342,122,3
342,178,1
343,172,1
343,229,1
344,1,1
344,25,1
345,194,1
346,296,1
346,116,1
347,54,1
348,48,1
349,85,1
350,98,1
351,122,1
352,28,1
353,246,1
353,103,1
354,60,1
355,47,1
355,279,1
356,226,1
357,50,1
358,117,1
358,284,1
359,244,2
359,294,1
360,258,2
360,293,2
361,230,3
361,89,2
361,86,1
362,76,2
363,35,1
363,45,1
363,199,2
364,268,1
365,299,2
365,52,1
366,211,1
366,136,1
366,197,1
367,206,1
367,20,2
368,138,2
369,144,2
370,154,3
371,46,1
372,192,1
372,29,1
373,269,1
373,292,1
374,234,1
375,259,1
375,204,1
375,64,1
376,283,1
377,146,1
377,15,1
378,106,1
378,138,1
379,89,1
380,157,2
380,141,2
380,217,1
381,204,1
382,192,1
382,288,1
382,145,1
382,153,1
383,153,1
383,97,1
384,207,1
384,164,1
384,72,3
385,299,2
385,293,1
386,244,1
386,184,2
387,66,1
388,172,1
389,216,1
389,170,1
389,191,2
390,37,2
390,242,1
391,78,1
392,235,1
392,74,1
393,91,1
393,161,1
394,82,1
395,220,1
396,103,1
397,272,1
397,98,1
398,160,1
398,67,1
398,53,1
399,267,1
400,176,1
400,251,2
400,184,2
400,97,1
401,259,1
402,274,1
402,25,1
403,228,1
404,5,1
405,71,1
406,145,1
406,59,1
407,104,1
407,184,1
407,210,1
408,46,2
409,47,1
410,234,1
410,152,1
411,185,1
411,161,1
411,219,1
412,88,1
412,169,1
413,176,1
414,198,1
415,58,1
415,68,1
416,248,1
416,292,1
416,225,1
417,211,1
418,269,1
419,174,1
419,266,1
419,268,1
419,49,1
420,28,1
420,6,1
420,81,1
421,170,3
422,207,1
422,121,1
423,162,1
424,286,1
425,156,1
425,261,1
425,288,1
425,106,2
426,243,1
427,114,1
427,2,2
428,55,1
429,210,1
429,55,1
430,98,1
430,174,1
430,56,1
431,235,3
431,259,1
431,69,1
432,261,1
433,66,1
434,197,1
435,151,1
435,232,1
435,69,1
435,71,1
436,284,1
436,112,1
437,92,1
438,288,1
438,246,2
439,274,2
439,147,1
439,217,1
440,83,3
441,152,1
442,288,2
443,148,1
444,161,1
444,283,1
444,28,2
444,7,2
445,189,1
445,280,1
446,39,1
447,143,1
448,170,1
449,27,1
449,155,1
449,252,1
450,267,1
450,35,1
450,259,1
450,82,1
451,272,1
452,124,2
453,165,1
454,145,1
455,250,1
456,50,1
457,108,2
457,110,1
458,223,1
458,37,1
459,92,1
460,133,1
461,61,1
462,24,1
462,38,1
463,225,1
464,70,1
465,153,3
465,192,1
466,294,1
467,177,1
468,130,1
469,282,1
469,237,1
469,38,1
470,66,1
471,100,1
472,300,1
473,87,1
473,3,1
473,161,1
473,127,1
474,246,1
475,42,2
476,40,1
477,298,1
477,297,1
478,277,1
479,149,1
480,6,1
481,72,1
481,229,1
482,184,1
483,120,1
484,241,2
485,53,1
485,267,1
486,193,1
486,194,1
487,115,1
488,4,1
489,144,1
490,61,1
490,118,1
491,83,1
492,83,1
493,86,1
494,289,2
494,10,1
495,242,2
496,299,1
496,94,1
497,36,1
497,118,1
498,215,1
498,77,2
498,50,1
499,247,1
500,221,1
501,247,1
502,295,1
502,51,1
503,279,1
504,296,1
504,268,1
505,186,1
506,217,1
506,290,3
506,188,1
507,92,1
507,190,1
508,71,1
508,61,1
509,174,2
510,3,2
510,47,1
510,75,1
510,242,1
511,206,1
512,90,1
512,254,1
513,262,1
514,123,1
515,205,1
516,36,2
517,299,1
517,179,2
518,207,1
519,38,1
520,276,3
520,295,1
520,129,1
520,227,1
521,15,1
521,247,1
521,60,1
522,181,1
523,176,1
524,294,1
525,124,2
526,183,1
527,253,1
527,4,1
528,295,2
529,144,1
529,204,1
529,114,1
530,178,1
531,266,1
532,298,1
533,135,1
534,218,1
535,231,1
536,139,1
536,121,1
536,285,1
537,216,1
538,250,1
539,84,1
540,231,1
540,172,1
541,180,2
542,276,3
542,90,1
543,41,1
543,196,1
544,173,1
544,216,1
545,161,1
546,228,1
547,231,1
548,129,2
549,49,1
550,204,1
551,200,1
552,270,2
553,167,3
553,244,1
553,240,1
554,91,1
554,234,1
555,159,1
555,178,1
556,80,1
557,177,1
557,147,1
557,241,1
558,150,1
558,119,1
559,128,1
560,41,1
561,140,2
561,146,1
561,273,2
562,232,1
562,140,1
563,12,1
563,96,1
563,53,1
563,145,1
564,160,1
565,170,2
565,42,3
566,241,1
567,63,1
567,128,1
567,198,1
568,267,1
568,107,1
569,282,1
569,267,1
570,112,3
571,142,1
572,244,1
573,256,1
574,31,1
574,183,1
574,79,1
574,275,3
575,99,1
576,21,1
577,98,1
577,291,1
578,284,1
578,83,1
578,36,2
579,260,1
579,195,2
580,33,1
581,283,1
581,79,1
582,35,1
583,55,1
584,251,1
584,270,1
584,132,1
585,41,1
585,240,1
585,32,2
586,137,1
587,111,3
588,98,1
589,286,1
589,213,1
589,55,1
590,93,1
591,227,2
592,191,1
592,212,1
592,221,1
592,166,1
593,204,1
594,155,1
595,142,2
596,49,1
596,20,1
597,132,2
598,40,1
598,167,2
598,248,1
599,296,1
600,223,1
601,6,1
602,164,1
603,26,1
604,47,1
604,114,1
605,26,1
606,67,1
607,293,1
608,221,1
609,217,1
609,188,1
610,180,1
611,120,1
612,58,2
612,28,2
612,125,2
613,57,1
613,157,1
614,133,1
615,193,2
615,299,1
616,139,1
617,185,1
617,56,2
618,51,2
619,257,3
620,157,1
620,171,1
620,251,1
621,257,1
622,16,1
622,285,1
622,144,1
623,117,1
624,169,1
625,104,1
625,71,1
626,75,1
626,290,1
626,81,2
627,16,3
627,164,1
627,212,1
628,68,1
629,119,1
629,14,1
630,192,2
630,95,1
631,8,2
632,104,1
632,105,2
633,235,2
634,195,1
634,161,2
635,20,1
635,267,1
636,276,1
637,26,1
638,147,1
638,237,1
639,238,1
639,232,1
639,47,1
640,231,1
641,233,1
641,47,1
641,129,1
642,186,1
642,44,1
643,282,1
644,77,2
644,84,1
645,229,1
646,2,1
646,130,1
646,7,2
646,235,1
647,233,1
647,210,1
648,286,2
649,179,1
650,153,1
650,170,1
650,45,1
651,294,1
651,288,1
652,154,1
653,282,1
653,34,1
654,108,1
655,271,1
655,45,1
656,133,3
656,270,1
656,295,1
657,253,2
657,93,1
658,61,1
659,171,1
660,145,1
661,4,1
662,15,1
662,90,2
663,70,1
663,247,1
664,212,2
665,162,1
665,285,1
666,182,1
666,34,1
666,77,3
667,200,1
667,96,2
668,17,1
669,155,1
670,104,1
670,48,1
671,248,1
672,51,2
673,19,1
674,23,1
675,53,1
675,267,1
675,160,1
676,273,1
677,59,1
678,180,1
679,294,1
679,126,1
679,88,1
680,26,1
681,229,1
682,274,3
682,41,1
683,240,1
683,50,1
683,234,1
684,133,2
685,167,1
685,233,1
686,145,1
686,179,1
686,295,2
687,155,1
687,273,1
688,247,1
689,223,1
689,291,1
690,294,2
691,50,2
692,56,1
693,32,1
693,47,1
694,232,1
694,273,1
695,154,2
695,292,2
695,156,1
696,262,2
696,207,2
697,1,2
697,287,2
697,184,1
697,57,1
698,223,1
699,197,2
700,65,1
700,69,1
700,6,2
700,37,1
701,213,2
701,234,1
702,218,1
703,4,1
704,280,1
705,58,1
705,298,1
706,144,1
706,239,1
706,265,1
706,41,1
707,297,1
708,233,1
709,151,1
710,289,1
710,134,1
711,14,1
711,147,1
711,249,1
711,43,1
712,58,1
713,190,1
713,90,1
714,176,1
714,44,2
714,75,2
715,226,1
716,28,1
716,136,1
716,60,1
717,200,1
717,243,1
718,196,3
718,162,1
719,222,1
719,140,1
720,124,1
721,93,1
721,161,1
722,54,1
723,18,1
724,112,1
724,63,1
725,290,2
725,95,1
726,233,1
726,142,1
726,219,1
727,32,1
728,92,1
728,226,2
728,36,1
729,221,1
730,53,1
730,18,1
731,1,2
732,201,1
732,295,1
733,36,1
734,247,1
734,63,3
734,291,1
735,47,1
735,188,1
735,274,1
735,175,1
736,98,1
737,44,2
738,123,1
739,231,3
740,22,1
741,275,1
741,77,1
742,10,1
743,67,1
743,8,1
744,33,2
745,113,2
745,33,1
746,295,2
746,280,1
746,71,1
746,165,1
747,213,1
748,298,1
749,250,1
750,146,1
750,214,1
751,268,1
751,231,2
752,46,1
752,155,1
753,49,1
754,107,1
755,243,1
755,255,1
756,223,1
757,276,1
757,91,1
758,228,1
759,167,1
759,118,1
760,193,1
760,113,1
760,38,2
761,199,1
762,104,1
762,172,1
762,66,1
762,17,2
763,152,1
764,284,1
764,118,2
765,143,1
765,8,1
765,220,1
766,77,2
766,294,1
767,259,1
767,18,1
768,286,1
769,152,1
770,236,2
771,71,2
772,238,1
773,272,1
773,17,1
774,42,1
774,172,1
775,188,1
776,35,1
776,288,1
777,298,1
777,108,1
778,217,1
779,270,2
780,150,1
781,45,2
781,42,1
781,201,3
782,255,2
782,78,1
783,278,1
783,68,1
783,243,1
783,178,1
784,172,1
785,272,1
785,281,1
786,248,1
787,86,1
788,79,1
788,83,1
788,122,1
788,60,1
789,163,3
790,274,1
790,155,1
790,63,1
790,13,1
791,260,1
791,170,1
792,294,1
792,76,1
793,246,2
794,113,1
795,299,1
795,270,2
796,229,1
797,252,1
798,185,1
798,204,1
798,76,1
799,229,2
800,213,2
801,218,1
801,213,1
801,72,3
801,45,1
802,193,1
802,46,1
803,291,1
804,284,1
805,287,1
806,154,3
807,148,1
807,214,2
808,253,1
808,35,1
809,244,3
810,9,1
810,133,1
811,84,1
812,25,1
812,149,1
812,150,1
812,272,1
813,166,2
814,186,1
814,50,1
815,249,1
816,114,2
817,270,1
817,273,2
817,283,1
818,9,1
819,268,1
820,61,1
821,108,1
822,40,1
822,10,1
823,263,1
823,31,2
824,50,1
825,95,1
825,180,2
825,15,2
826,257,1
827,297,1
828,88,2
828,276,2
828,3,2
828,51,1
829,55,2
829,93,3
830,161,1
831,148,1
831,286,1
832,160,1
833,220,1
834,7,3
835,44,1
836,87,1
836,34,1
836,187,3
836,102,1
837,298,1
838,208,1
838,249,1
839,119,1
840,35,1
841,79,1
841,156,1
842,104,1
842,151,1
843,280,3
843,10,2
843,17,1
844,19,1
845,221,1
846,252,1
847,81,1
848,181,1
848,146,1
848,165,2
848,32,1
849,175,1
849,195,3
849,50,1
850,44,2
850,34,1
851,217,1
852,12,1
852,163,1
853,106,1
854,224,1
855,148,1
856,48,1
857,291,2
858,155,2
858,259,1
859,264,1
860,265,2
861,240,2
861,138,1
861,273,1
861,223,1
862,154,1
862,223,2
863,137,1
863,147,1
863,83,1
864,159,1
865,104,1
865,82,1
865,140,2
866,249,2
866,11,1
866,29,1
867,187,1
868,72,1
868,121,1
868,58,1
869,129,1
869,255,1
869,47,2
870,121,1
870,217,1
870,112,3
871,252,1
871,274,2
872,143,1
872,75,1
873,18,1
873,28,1
873,123,3
873,130,1
874,227,1
875,155,1
875,47,2
875,121,1
876,209,1
876,18,1
877,171,1
878,260,1
878,34,1
879,15,1
880,70,1
880,2,1
881,265,1
882,164,1
882,232,1
883,145,1
883,102,1
883,44,2
884,286,3
884,118,1
884,46,1
885,134,1
886,8,1
886,270,2
887,98,1
887,137,1
888,145,1
888,97,1
889,231,2
890,6,1
891,109,1
892,49,1
893,182,3
894,3,1
894,130,1
894,259,1
895,298,1
895,92,1
896,163,1
897,66,1
898,145,1
898,135,1
898,136,1
899,226,1
900,134,1
901,254,1
901,21,1
901,227,1
902,64,1
902,179,1
902,48,2
903,300,1
903,109,3
904,127,2
904,256,1
904,49,1
905,55,1
905,166,1
906,3,1
906,169,1
906,23,1
906,232,3
907,145,1
908,48,1
908,205,1
909,84,1
909,199,1
909,207,1
910,159,2
911,189,1
912,289,1
913,223,1
913,219,1
914,80,1
914,254,1
915,245,1
916,152,1
917,262,1
918,130,1
918,182,1
919,92,2
919,94,1
920,231,1
920,136,2
921,133,2
922,60,1
923,250,1
924,203,1
924,155,1
925,97,1
925,14,1
926,276,1
926,98,1
927,79,1
928,300,1
928,125,2
928,104,1
929,222,1
929,213,1
929,254,1
930,250,1
931,284,1
931,33,1
932,178,1
932,230,1
933,260,1
934,240,1
934,68,1
934,151,1
935,83,1
935,107,1
936,252,1
937,25,3
938,258,1
939,62,1
939,288,1
940,286,2
940,137,2
941,26,2
942,55,2
942,53,1
943,186,1
943,81,1
943,150,1
944,71,1
945,4,2
945,126,1
946,213,1
947,216,1
947,117,1
948,265,1
948,186,1
948,16,2
948,227,2
949,85,1
949,223,1
949,32,1
949,202,2
950,284,2
951,144,2
952,106,2
953,208,2
953,102,1
954,65,3
954,267,1
955,82,1
956,156,1
957,133,1
957,260,1
957,182,2
958,174,3
959,274,1
959,120,1
959,180,2
960,127,1
961,233,1
961,51,1
962,67,1
963,287,1
964,226,1
964,251,1
965,235,1
966,109,1
967,61,1
968,21,1
968,268,1
969,74,1
970,146,2
970,111,1
970,94,1
971,294,1
972,68,1
973,77,1
973,167,1
974,174,3
974,277,2
974,24,1
975,293,1
975,159,1
976,296,3
976,28,1
977,273,1
978,297,1
979,24,1
980,13,2
981,51,1
982,79,3
982,158,1
983,30,1
984,133,1
984,193,1
984,62,1
985,59,1
986,15,1
987,52,1
987,127,1
987,285,1
987,65,1
988,126,1
988,276,1
988,217,1
988,285,2
989,247,2
989,140,1
989,129,1
990,24,1
991,63,2
992,108,2
992,259,2
992,163,1
993,165,1
993,175,3
994,2,1
995,251,1
996,40,1
996,276,2
997,193,2
998,5,1
998,64,2
999,144,1
1000,156,3
1000,114,3
1000,120,1
1001,203,1
1002,100,1
1003,66,1
1004,268,2
1004,141,1
1004,99,3
1005,233,2
1005,2,1
1006,209,1
1007,23,2
1008,230,1
1009,13,3
1009,116,2
1009,217,1
1010,15,1
1010,246,1
1011,243,1
1012,122,2
1013,229,1
1013,297,3
1014,34,2
1014,66,1
1014,32,1
1015,287,1
1015,27,1
1016,6,1
1017,174,1
1017,14,1
1018,35,2
1018,100,1
1019,228,1
1020,224,1
1021,75,1
1021,76,1
1021,241,1
1022,30,1
1022,122,2
1023,103,1
1024,240,2
1024,170,1
1025,54,1
1026,115,1
1026,118,1
1026,239,1
1027,205,1
1028,285,1
1029,185,3
1029,23,1
1030,90,1
1031,135,2
1032,57,2
1032,174,1
1033,270,2
1033,223,1
1034,194,1
1035,24,2
1035,97,1
1036,144,2
1036,65,3
1037,241,1
1038,261,1
1039,270,1
1039,248,1
1040,299,1
1040,19,1
1040,107,2
1041,293,1
1041,81,1
1041,192,1
1042,22,1
1043,210,1
1044,227,1
1045,257,1
1046,51,1
1046,61,1
1046,37,1
1047,141,1
1047,98,3
1048,154,1
1049,7,3
1049,242,3
1049,263,2
1050,120,1
1051,237,1
1051,175,1
1052,108,1
1052,225,1
1053,5,1
1054,207,1
1055,291,2
1055,17,1
1056,294,3
1056,201,1
1057,56,1
1058,88,1
1059,251,1
1059,14,1
1060,269,1
1061,211,1
1062,36,1
1063,222,2
1064,159,1
1064,104,1
1065,33,2
1066,252,1
1066,236,1
1066,237,1
1067,153,1
1067,201,1
1067,90,1
1068,292,1
1068,49,2
1069,150,1
1069,35,1
1070,63,1
1070,189,1
1071,107,1
1072,237,1
1072,196,1
1073,70,1
1074,281,1
1075,83,1
1075,88,1
1075,10,1
1076,6,1
1076,140,1
1077,227,1
1078,53,1
1078,200,1
1079,104,2
1080,15,3
1081,50,1
1082,263,1
1083,107,2
1084,183,1
1085,109,1
1086,35,2
1087,53,1
1088,167,1
1088,199,1
1088,69,1
1088,171,3
1089,300,1
1090,7,1
1090,120,1
1091,125,1
1092,78,1
1093,228,1
1093,169,1
1094,148,1
1094,13,1
1094,118,1
1094,170,2
1095,165,1
1096,99,1
1097,282,2
1098,240,1
1099,128,1
1100,247,1
1101,226,1
1102,247,1
1102,11,1
1102,196,2
1103,90,1
1103,132,1
1104,171,1
1105,7,2
1106,203,1
1106,192,1
1106,197,1
1107,290,1
1108,179,1
1108,261,1
1109,127,1
1109,125,2
1109,245,1
1110,134,2
1110,234,1
1111,83,1
1111,7,1
1112,42,2
1112,266,2
1113,273,1
1114,46,1
1115,108,2
1116,252,1
1117,221,1
1117,88,1
1118,57,1
1119,94,2
1120,226,1
1120,56,1
1120,86,1
1121,249,1
1122,4,1
1122,299,1
1123,267,3
1124,173,1
1125,162,2
1126,30,3
1127,206,1
1128,272,1
1129,244,1
1129,264,1
1130,24,3
1131,249,1
1132,244,1
1132,52,1
1132,198,1
1133,17,1
1133,66,1
1134,229,3
1135,46,1
1136,197,1
1136,144,1
1136,113,3
1137,252,2
1137,47,2
1137,171,1
1138,196,1
1139,120,1
1140,97,1
1141,195,1
1141,296,1
1141,1,1
1142,65,1
1143,276,2
1144,113,1
1145,18,1
1146,294,1
1147,193,3
1147,31,1
1148,116,2
1148,27,1
1148,92,1
1149,173,1
1150,271,1
1151,50,1
1152,156,1
1153,150,1
1153,75,2
1154,53,3
1154,76,1
1154,193,2
1155,92,1
1155,27,1
1155,61,3
1155,264,1
1156,251,1
1157,46,1
1158,189,1
1158,6,1
1159,294,1
1159,246,1
1160,223,1
1161,276,1
1161,95,1
1162,272,1
1162,251,2
1163,61,1
1164,161,1
1165,288,1
1166,153,1
1167,1,1
1167,128,2
1167,154,2
1168,161,2
1168,268,3
1169,23,1
1169,122,1
1170,111,1
1170,184,1
1171,84,1
1172,74,1
1172,275,1
1172,105,3
1173,262,1
1173,84,1
1174,127,1
1174,40,1
1174,139,1
1174,64,1
1175,75,1
1175,116,1
1176,64,1
1177,49,1
1177,271,2
1177,179,1
1178,200,1
1179,207,1
1179,245,1
1179,66,1
1180,137,2
1180,28,1
1181,235,1
1182,220,1
1183,157,2
1183,209,1
1183,161,1
1184,147,1
1185,261,2
1186,273,1
1186,64,1
1187,177,3
1187,126,1
1188,230,3
1189,188,2
1190,195,1
1191,277,1
1191,61,1
1192,202,2
1192,112,2
1193,238,2
1194,236,1
1195,96,1
1195,206,1
1195,182,1
1196,250,1
1197,154,1
1198,225,1
1199,3,2
1199,184,1
1200,216,1
1201,246,3
1202,66,1
1202,167,1
1203,200,1
1203,68,1
1204,122,1
1205,5,1
1205,223,1
1206,262,1
1207,127,1
1207,220,2
1207,102,1
1207,243,1
1208,77,1
1208,118,1
1209,103,1
1210,119,1
1211,27,1
1212,215,1
1213,165,1
1214,95,1
1215,7,1
1216,186,1
1216,271,1
1217,55,1
1218,98,1
1218,99,2
1219,243,3
1220,99,1
1221,287,2
1221,178,1
1222,215,1
1223,141,1
1224,98,1
1224,204,1
1225,197,1
1225,288,1
1226,112,1
1227,269,1
1227,133,1
1228,24,1
1229,143,2
1229,69,1
1229,139,3
1230,178,1
1231,282,1
1231,136,1
1231,69,1
1232,144,1
1233,299,2
1233,55,1
1233,196,1
1233,132,2
1234,203,1
1234,80,1
1235,254,1
1236,93,1
1237,202,1
1238,233,2
1239,7,1
1240,23,1
1240,68,1
1240,128,2
1241,55,1
1242,72,1
1243,246,1
1244,64,2
1244,11,1
1245,73,1
1245,1,1
1245,115,1
1246,197,1
1246,58,1
1246,252,1
1247,61,2
1247,185,2
1248,272,1
1249,155,1
1249,147,1
1250,40,1
1250,2,1
1250,77,1
1251,219,3
1252,94,1
1252,198,1
1252,181,3
1252,164,1
1253,126,1
1253,197,1
1253,215,1
1254,216,1
1254,270,1
1255,2,1
1256,69,2
1257,72,1
1257,151,2
1257,236,3
1258,29,3
1258,71,1
1258,61,1
1259,298,1
1259,38,1
1260,126,1
1261,72,1
1262,228,1
1262,7,1
1263,83,1
1264,284,1
1264,133,1
1264,293,1
1265,65,1
1266,287,1
1267,208,1
1267,195,2
1268,40,1
1269,278,1
1270,97,1
1270,283,1
1270,104,1
1271,248,1
1271,24,1
1271,25,3
1271,162,1
1272,201,1
1273,209,2
1274,13,1
1274,196,2
1275,41,3
1275,48,1
1276,257,1
1277,175,1
1277,230,1
1277,68,2
1278,199,1
1278,123,1
1279,50,1
1279,8,3
1279,74,1
1279,159,1
1280,83,1
1280,35,1
1280,144,1
1281,132,1
1282,250,1
1282,21,2
1282,187,2
1282,147,1
1283,192,1
1283,43,2
1283,212,3
1283,260,1
1284,288,1
1285,205,2
1286,179,1
1286,239,1
1287,56,2
1288,169,1
1289,244,1
1289,59,1
1290,291,1
1291,221,1
1291,243,2
1291,110,3
1292,43,1
1292,73,1
1293,133,1
1294,153,1
1295,83,3
1296,6,1
1296,288,1
1297,163,1
1298,163,1
1299,231,1
1299,65,1
1300,97,1
1300,216,1
1301,98,3
1302,155,2
1303,234,1
1303,212,1
1304,59,1
1304,91,1
1305,146,2
1306,51,2
1306,45,1
1307,255,1
1308,298,2
1309,233,1
1310,180,1
1310,238,1
1310,212,1
1310,203,1
1311,213,2
1311,124,1
1311,3,1
1312,163,1
1313,201,1
1314,296,2
1314,220,1
1314,66,1
1315,51,1
1316,201,2
1316,134,1
1317,6,1
1318,41,1
1318,293,1
1319,96,1
1319,123,1
1320,194,1
1320,134,1
1321,297,1
1321,53,2
1322,93,1
1323,52,1
1324,40,2
1324,108,1
1324,215,1
1324,193,1
1325,17,3
1325,61,3
1326,268,1
1327,12,1
1328,112,1
1329,65,1
1329,138,1
1330,240,1
1330,254,2
1331,144,3
1332,85,3
1332,106,1
1333,164,1
1333,56,1
1334,33,1
1334,231,1
1335,272,1
1336,96,1
1337,161,1
1338,291,1
1339,109,1
1340,39,2
1340,294,1
1341,101,1
1342,62,1
1343,296,1
1344,146,1
1344,68,1
1344,207,1
1345,213,1
1346,285,1
1347,233,1
1348,53,1
1348,15,1
1348,115,1
1349,189,2
1350,133,1
1350,23,1
1350,57,1
1351,88,2
1352,76,1
1353,268,1
1353,271,1
1354,116,1
1354,48,1
1355,106,3
1355,40,1
1355,39,1
1356,54,1
1357,161,1
1358,55,2
1358,67,1
1358,113,1
1359,36,1
1360,53,1
1360,76,1
1361,137,1
1362,282,1
1363,261,1
1364,196,1
1365,142,1
1366,128,1
1366,57,1
1367,52,1
1368,202,1
1369,105,1
1370,95,1
1371,123,1
1372,234,1
1373,136,2
1374,299,1
1374,1,1
1374,251,1
1374,127,1
1375,76,1
1376,252,1
1377,235,1
1378,248,1
1378,58,1
1378,139,1
1379,255,1
1380,100,1
1380,194,3
1381,270,1
1382,214,2
1383,176,1
1383,63,1
1384,256,1
1384,76,1
1384,239,1
1384,77,1
1385,233,1
1386,3,1
1387,146,1
1388,139,1
1389,149,1
1389,113,1
1389,17,2
1390,51,1
1390,134,1
1390,155,2
1390,160,2
1391,103,1
1392,280,1
1392,94,2
1393,161,1
1394,216,3
1395,216,1
1396,298,1
1396,263,1
1397,202,1
1398,266,2
1398,236,1
1399,149,1
1400,300,1
1401,288,1
1402,80,1
1402,155,1
1403,103,1
1403,59,1
1404,54,1
1405,63,1
1406,280,2
1406,134,1
1406,225,1
1407,124,1
1407,88,1
1407,262,1
1408,253,1
1408,189,1
1408,141,1
1408,201,2
1409,200,1
1410,228,3
1410,22,1
1410,182,1
1411,258,1
1412,78,1
1413,72,1
1413,143,1
1414,248,1
1414,193,1
1414,242,1
1415,298,1
1415,179,2
1416,119,1
1416,50,1
1417,122,1
1418,216,2
1419,38,1
1420,90,1
1421,294,1
1421,285,1
1421,103,1
1421,101,1
1422,99,1
1422,45,3
1422,299,1
1423,209,1
1424,271,1
1424,255,1
1425,287,2
1426,37,1
1426,292,1
1427,277,1
1428,184,1
1429,295,1
1430,30,1
1431,135,1
1431,16,1
1431,17,1
1432,169,2
1433,289,2
1434,214,1
1435,67,1
1436,180,1
1437,101,1
1438,283,1
1438,247,1
1439,71,1
1440,100,1
1441,6,1
1442,8,1
1442,128,1
1442,30,1
1442,40,1
1443,204,1
1444,106,2
1444,254,2
1444,183,1
1445,126,1
1446,28,1
1447,71,2
1448,63,1
1448,191,1
1449,233,1
1449,59,2
1450,44,1
1451,196,1
1452,221,1
1453,14,2
1453,173,2
1454,223,2
1455,148,1
1455,274,1
1456,240,1
1456,122,1
1456,68,1
1456,8,3
1457,20,1
1457,141,1
1458,165,2
1459,5,1
1460,112,1
1460,210,1
1460,30,2
1461,133,1
1462,90,1
1463,95,2
1463,260,1
1464,133,3
1465,121,1
1466,122,1
1467,37,2
1467,219,1
1468,209,2
1469,16,1
1470,14,2
1470,55,1
1470,109,1
1471,194,1
1471,299,1
1471,17,1
1472,115,1
1472,290,1
1472,258,1
1472,295,1
1473,269,1
1473,267,1
1474,125,1
1475,60,1
1475,124,3
1476,40,1
1476,186,1
1477,65,1
1477,276,1
1477,126,1
1478,161,1
1479,254,1
1480,8,1
1480,86,1
1480,62,1
1481,221,1
1482,199,1
1482,217,1
1482,182,1
1483,173,1
1483,56,2
1483,24,2
1484,224,1
1484,149,1
1485,261,1
1485,43,1
1486,165,1
1487,119,1
1487,153,1
1488,219,1
1488,147,1
1488,166,3
1489,161,1
1490,225,1
1491,55,2
1492,261,1
1493,277,1
1493,276,2
1493,100,1
1493,4,1
1494,65,2
1495,62,1
1495,228,1
1495,222,1
1496,114,1
1496,39,1
1496,168,1
1497,162,2
1498,267,1
1498,163,1
1499,126,1
1499,71,2
1500,96,1
1501,265,1
1501,110,1
1501,2,1
1502,195,1
1502,299,1
1503,150,1
1503,249,1
1503,251,1
1504,148,1
1505,91,1
1506,66,1
1507,15,1
1507,149,1
1508,134,1
1508,163,2
1509,249,1
1510,294,2
1511,169,1
1512,195,1
1513,284,1
1513,33,1
1514,275,1
1515,192,1
1516,19,1
1516,11,1
1516,270,1
1517,127,1
1518,206,1
1519,259,1
1520,278,1
1520,78,1
1521,166,1
1521,218,1
1521,263,1
1522,193,1
1522,150,1
1523,274,1
1524,191,1
1524,280,1
1525,190,1
1526,43,1
1526,49,2
1526,288,1
1527,243,1
1527,268,1
1528,160,1
1529,209,1
1529,3,1
1530,121,1
1531,42,1
1531,54,1
1531,218,1
1532,225,2
1533,269,1
1534,61,1
1535,191,1
1535,289,1
1536,191,1
1536,266,2
1536,129,2
1536,242,1
1537,243,1
1537,6,1
1538,97,1
1539,240,1
1540,177,1
1540,8,2
1540,99,2
1541,131,1
1541,288,1
1542,144,1
1542,92,1
1543,170,1
1543,295,1
1544,87,1
1545,76,1
1545,74,1
1545,85,1
1546,218,1
1546,242,1
1546,168,1
1547,182,2
1547,160,1
1548,143,1
1548,74,1
1548,224,1
1548,287,1
1549,188,2
1550,287,2
1551,6,1
1552,169,2
1552,49,2
1553,141,1
1554,141,3
1554,30,2
1555,252,1
1555,89,2
1556,15,1
1557,68,1
1558,32,1
1558,161,1
1559,171,2
1559,163,1
1560,207,1
1560,214,2
1560,32,1
1561,142,1
1562,2,1
1562,160,1
1563,290,1
1563,238,2
1564,11,1
1564,87,1
1565,127,2
1565,158,1
1566,159,1
1566,28,1
1567,97,1
1568,226,1
1569,268,1
1570,198,1
1570,80,3
1570,276,1
1571,258,2
1571,283,1
1572,240,1
1573,244,1
1573,72,1
1574,166,2
1574,54,1
1574,184,1
1575,184,1
1576,234,1
1577,125,1
1578,154,3
1578,21,2
1579,138,3
1580,154,2
1581,72,3
1581,67,1
1581,171,1
1581,28,2
1582,76,1
1583,105,1
1584,192,1
1584,3,1
1585,242,2
1585,193,1
1586,69,1
1587,218,1
1587,202,1
1588,92,1
1588,121,1
1588,189,1
1589,71,1
1589,256,1
1590,218,1
1590,78,1
1591,216,1
1591,92,2
1591,84,1
1591,204,1
1592,7,1
1593,6,1
1593,249,1
1594,60,1
1595,172,3
1595,274,1
1596,41,1
1597,233,1
1598,236,2
1598,188,1
1598,26,1
1599,137,1
1600,19,1
1601,90,1
1602,221,1
1602,141,1
1603,269,1
1603,292,1
1603,235,1
1604,41,1
1604,173,1
1604,155,1
1604,217,1
1605,60,1
1606,277,1
1606,125,1
1607,141,1
1607,96,1
1607,142,1
1608,10,1
1609,163,1
1610,148,1
1611,169,1
1611,278,2
1612,228,1
1613,200,1
1613,131,1
1614,177,1
1614,43,3
1615,240,1
1616,221,1
1617,252,3
1618,64,1
1618,50,1
1619,206,1
1619,282,1
1619,210,2
1620,163,1
1620,258,1
1621,231,1
1622,172,1
1623,298,1
1624,115,1
1624,71,1
1625,12,1
1626,47,3
1627,283,2
1627,262,2
1628,90,1
1628,242,1
1628,103,2
1629,228,3
1630,57,2
1631,126,1
1631,237,1
1631,36,1
1632,37,2
1632,214,1
1632,134,1
1633,31,1
1634,262,1
1634,226,1
1635,58,1
1635,87,1
1636,50,1
1637,126,1
1637,134,1
1638,19,1
1638,72,1
1639,158,1
1639,82,1
1640,66,1
1641,109,1
1642,261,1
1643,177,1
1643,80,1
1643,257,2
1644,248,2
1645,115,1
1646,236,1
1647,269,1
1647,117,1
1647,104,1
1648,274,2
1649,291,1
1650,126,1
1651,137,1
1651,283,1
1651,143,2
1651,47,2
1652,125,1
1653,27,1
1654,43,1
1655,154,1
1655,292,1
1656,100,1
1657,129,1
1657,209,1
1657,139,1
1657,253,1
1658,175,1
1659,94,1
1660,34,1
1661,176,1
1661,276,1
1661,94,1
1662,242,1
1662,53,2
1663,99,1
1664,81,3
1664,167,3
1665,138,2
1665,118,1
1666,182,2
1667,214,1
1667,3,1
1668,234,2
1668,141,1
1668,10,1
1669,219,1
1670,111,1
1671,167,1
1672,24,1
1672,200,1
1672,250,1
1672,128,1
1673,146,1
1674,212,2
1674,78,1
1675,168,1
1676,12,2
1676,72,1
1676,35,1
1677,110,1
1678,133,1
1679,219,2
1679,203,1
1680,192,3
1680,9,3
1680,290,2
1680,224,1
1681,35,1
1682,273,1
1682,82,2
1683,98,1
1683,38,1
1684,78,1
1684,170,1
1684,38,1
1685,151,1
1686,219,1
1687,273,1
1687,235,1
1688,296,1
1688,79,1
1688,97,1
1689,66,3
1689,277,1
1689,179,1
1690,139,1
1691,226,1
1692,107,1
1692,195,1
1692,26,1
1693,90,1
1694,62,1
1694,251,1
1695,260,1
1695,185,2
1695,245,1
1695,131,1
1696,185,2
1697,154,1
1697,118,2
1697,44,2
1698,24,1
1698,73,1
1698,128,1
1699,108,2
1700,81,1
1701,93,2
1701,187,1
1702,192,2
1703,170,2
1703,15,1
1704,194,1
1705,179,2
1706,244,1
1707,1,1
1707,160,2
1707,244,1
1708,50,1
1708,245,2
1709,74,1
1710,54,1
1711,237,1
1712,68,1
1712,168,1
1712,217,1
1713,25,3
1713,102,1
1714,204,1
1715,296,1
1716,61,1
1717,96,1
1718,50,1
1719,219,3
1719,14,1
1720,152,1
1721,43,1
1721,259,2
1722,114,1
1722,9,1
1722,102,1
1723,273,1
1724,85,1
1725,78,2
1725,277,1
1725,218,3
1726,216,1
1726,244,1
1726,240,1
1727,107,1
1727,35,1
1728,125,1
1728,201,1
1729,37,1
1729,116,1
1729,142,1
1730,142,1
1731,242,1
1732,233,1
1733,21,1
1733,196,1
1733,131,1
1734,53,1
1735,124,1
1735,254,1
1735,222,2
1736,169,1
1736,215,1
1737,249,1
1737,125,1
1738,250,1
1738,288,1
1739,22,1
1739,56,1
1740,123,1
1741,21,1
1742,268,2
1742,20,2
1743,291,1
1744,15,1
1744,234,1
1744,130,1
1745,167,1
1745,235,1
1746,281,1
1746,165,1
1747,171,1
1747,181,2
1747,276,1
1748,208,1
1748,161,1
1749,249,2
1749,180,2
1749,173,1
1750,298,1
1751,92,1
1751,204,1
1752,208,1
1752,135,1
1752,75,1
1753,151,3
1753,292,1
1753,43,1
1753,166,1
1754,113,1
1755,7,1
1756,225,1
1757,266,1
1758,134,1
1758,187,2
1758,135,2
1758,221,1
1759,127,1
1760,260,1
1760,244,2
1760,275,1
1761,284,1
1761,115,1
1762,224,1
1763,30,1
1763,178,1
1764,292,2
1764,130,1
1765,69,1
1765,203,1
1766,261,1
1766,209,1
1767,28,1
1768,33,1
1768,272,1
1768,212,1
1768,83,1
1769,62,1
1769,170,1
1769,46,1
1770,243,1
1771,221,2
1772,117,1
1773,269,1
1773,132,1
1774,1,3
1775,15,2
1776,89,1
1777,177,1
1778,226,1
1778,91,2
1779,62,1
1779,160,1
1779,150,1
1780,173,2
1780,233,1
1781,34,1
1781,174,1
1782,184,1
1783,51,1
1783,267,1
1783,47,1
1784,103,1
1784,145,1
1785,223,1
1786,248,1
1787,29,2
1787,271,1
1788,293,1
1788,278,1
1789,198,1
1789,97,2
1789,181,2
1789,276,1
1790,23,1
1790,110,2
1791,105,1
1792,106,1
1792,60,1
1792,149,2
1793,117,1
1793,191,1
1793,206,1
1793,23,1
1794,159,2
1794,105,1
1795,212,1
1796,6,1
1797,115,1
1798,35,1
1798,94,1
1799,204,1
1799,146,1
1800,104,3
1801,19,1
1802,95,1
1802,43,1
1802,35,1
1803,258,1
1804,8,2
1805,103,2
1806,259,1
1806,33,1
1806,116,1
1807,126,1
1808,163,1
1809,87,1
1810,120,1
1810,4,1
1810,196,1
1811,19,1
1811,289,1
1812,145,1
1812,199,1
1813,233,1
1814,115,1
1814,74,1
1814,147,3
1815,154,1
1816,117,3
1817,214,1
1818,173,1
1819,112,1
1820,187,1
1820,238,1
1821,73,1
1822,212,1
1822,27,1
1822,103,1
1823,13,1
1823,106,1
1823,198,3
1824,295,1
1824,102,1
1825,272,1
1826,44,1
1826,11,2
1827,183,1
1828,162,1
1829,149,1
1829,156,1
1830,210,1
1831,128,3
1832,21,1
1833,11,1
1834,94,2
1834,230,3
1835,44,2
1836,202,2
1837,43,1
1838,214,2
1838,87,1
1838,187,1
1839,27,1
1839,123,3
1839,157,1
1840,17,1
1841,155,1
1841,195,1
1842,193,1
1843,209,1
1843,176,1
1844,43,2
1845,261,2
1845,59,2
1845,12,1
1846,122,1
1847,175,2
1848,236,1
1848,170,1
1849,42,1
1850,120,1
1850,108,1
1851,254,1
1851,96,1
1851,241,2
1852,91,3
1853,97,1
1853,64,1
1854,203,1
1855,147,1
1856,129,1
1857,31,1
1858,229,3
1858,7,1
1859,34,1
1859,292,1
1859,135,1
1860,251,1
1861,181,1
1862,207,2
1862,238,1
1863,13,2
1864,77,1
1864,205,1
1864,188,1
1865,49,1
1866,255,1
1867,256,1
1868,181,1
1868,55,1
1869,254,2
1870,82,1
1871,67,1
1872,190,1
1872,290,1
1872,243,1
1873,161,1
1873,244,1
1873,144,1
1874,294,1
1874,118,1
1875,10,1
1876,165,1
1877,137,1
1877,35,1
1877,231,1
1878,243,1
1878,127,1
1879,140,3
1880,97,3
1881,100,1
1881,269,1
1882,6,1
1882,153,1
1882,134,1
1883,76,1
1884,161,1
1885,233,1
1885,146,1
1886,283,1
1886,245,2
1886,189,1
1887,168,1
1888,292,1
1889,255,2
1889,33,1
1890,48,3
1890,185,1
1891,280,1
1892,46,2
1893,134,1
1893,117,1
1893,123,1
1894,120,2
1895,203,1
1896,213,1
1896,282,1
1897,179,1
1898,204,1
1898,109,2
1898,78,1
1899,82,2
1900,134,1
1901,263,1
1902,55,1
1903,153,2
1903,110,2
1904,291,1
1904,130,1
1905,106,1
1905,256,1
1905,199,1
1906,147,1
1907,1,2
1908,1,1
1908,156,1
1908,228,1
1909,217,1
1910,153,2
1910,18,1
1911,105,2
1911,62,2
1911,16,1
1912,297,1
1913,33,1
1913,79,1
1914,239,1
1915,33,3
1916,104,1
1916,137,1
1917,1,3
1918,251,1
1919,189,1
1920,191,1
1920,283,1
1921,191,3
1921,240,1
1922,222,1
1923,239,1
1924,75,1
1925,106,1
1925,203,1
1926,295,1
1927,117,1
1928,192,1
1929,296,1
1930,80,1
1930,97,2
1931,37,1
1932,108,1
1933,62,1
1934,61,1
1935,176,1
1935,199,1
1936,22,3
1936,252,1
1937,197,1
1938,180,3
1938,252,1
1939,130,1
1940,49,1
1940,233,1
1941,232,1
1942,15,2
1943,290,1
1944,300,1
1945,84,1
1946,40,1
1946,102,1
1947,94,1
1948,228,2
1949,289,1
1950,269,2
1951,143,1
1952,184,1
1953,62,1
1953,13,1
1953,83,1
1954,35,3
1955,21,1
1956,6,1
1956,191,1
1957,5,2
1957,156,1
1958,97,1
1958,244,1
1958,245,1
1959,66,2
1960,38,1
1960,290,1
1960,85,1
1960,127,2
1961,22,1
1961,165,1
1962,116,1
1962,66,2
1963,81,1
1963,124,1
1964,34,1
1965,143,1
1966,168,2
1967,287,2
1968,241,1
1968,173,1
1969,129,2
1969,138,2
1970,166,1
1970,123,3
1970,290,1
1971,218,1
1972,152,1
1973,105,1
1973,237,1
1974,173,1
1975,139,2
1976,37,1
1977,2,2
1977,35,1
1977,97,3
1977,131,1
1978,27,3
1979,199,1
1980,28,2
1980,22,1
1981,217,1
1981,105,1
1982,142,1
1982,146,1
1982,221,1
1982,124,1
1983,284,1
1984,197,3
1984,105,1
1984,278,1
1984,9,3
1985,209,1
1986,113,1
1987,198,1
1988,228,1
1989,12,1
1989,278,1
1990,176,1
1990,165,1
1990,11,2
1991,194,1
1991,87,1
1992,149,2
1993,289,1
1993,125,1
1993,34,1
1993,232,1
1994,218,1
1995,134,1
1996,272,2
1996,101,3
1997,82,1
1998,131,1
1999,96,1
2000,48,1
